Style,Total_Colors,Total_Sizes,Avg_Color_Coverage,Max_Color_Coverage,Min_Color_Coverage,Avg_Size_Coverage,Max_Size_Coverage,Min_Size_Coverage,Total_SKUs,Scarce_SKUs,Abundant_SKUs
DMDJ85046,3,4,0.04333333333333333,1.0,0.0,0.035,1.0,0.0,12,0,12
DWDJ68046,5,5,0.086,1.0,0.0,0.086,1.0,0.0,21,0,21
DWDJ8P046,5,4,0.064,1.0,0.0,0.0775,1.0,0.0,20,0,20
DWLG42044,2,4,0.665,1.0,0.5,0.265,0.75,0.25,8,2,6
DXDJ8C046,9,6,0.2677777777777777,1.0,0.2222222222222222,0.35666666666666663,1.0,0.16666666666666666,48,4,44
DXMT33044,7,6,0.07142857142857142,1.0,0.0,0.08,1.0,0.0,39,0,39
